{
  "sig_anti_pattern_count": 0.0030732836936813368,
  "sig_avg_sentence_length": 0.006372760849321947,
  "sig_backtick_command_count": 0.25040460269247566,
  "sig_char_count": 0.06074746859222197,
  "sig_code_block_count": 0.076961559955121,
  "sig_code_to_text_ratio": 0.049177001978369515,
  "sig_contextual_redundancy": 0.005323567493797119,
  "sig_core_areas_covered": 0.001664896989970348,
  "sig_dead_content_count": 0.0,
  "sig_duplicate_ratio": 0.014694793480407475,
  "sig_example_diversity": 0.011596529863124793,
  "sig_expert_preamble_present": 0.0,
  "sig_good_bad_pair_count": 0.0,
  "sig_has_boundaries": 0.008906721286115993,
  "sig_has_closure_definition": 0.0,
  "sig_has_commands": 0.0007001157343044152,
  "sig_has_edge_cases": 0.0,
  "sig_has_error_handling": 0.001190371654656568,
  "sig_has_frontmatter": 0.044806813201986,
  "sig_has_testing": 0.0013423662647935703,
  "sig_heading_count": 0.007662055077545624,
  "sig_imperative_ratio": 0.018401881264313785,
  "sig_information_density": 0.025898212942731917,
  "sig_information_density_v2": 0.032835530199189084,
  "sig_link_count": 0.004397111507888688,
  "sig_list_to_prose_ratio": 0.03819214969669183,
  "sig_max_nesting_depth": 0.0007898112447285895,
  "sig_prose_ratio": 0.029250117136793576,
  "sig_quantitative_threshold_count": 0.0003738086247237573,
  "sig_section_count": 0.006496979539561054,
  "sig_section_length_cv": 0.014083154262887324,
  "sig_signal_to_noise_ratio": 0.0014929741881050513,
  "sig_specificity_density": 0.03828473123589168,
  "sig_token_count": 0.05026500428456125,
  "sig_topic_count": 0.004528900476273435,
  "sig_unique_heading_ratio": 0.002850388915487788,
  "sig_vague_phrase_count": 0.004990187312751653,
  "sig_vague_ratio": 0.006447211893172552,
  "sig_verification_level": 0.13989745899676115,
  "sig_verification_method_count": 0.030642493266888882,
  "sig_weak_language_count": 0.005256984202703918
}