{
  "sig_anti_pattern_count": 0.01317864729979502,
  "sig_backtick_command_count": 0.03728434341784345,
  "sig_char_count": 0.0691403756699069,
  "sig_code_block_count": 0.1437240493384623,
  "sig_core_areas_covered": 0.016389616496857936,
  "sig_dead_content_count": 0.00239709835328469,
  "sig_example_diversity": 0.0,
  "sig_executable_command_count": 0.042376702132586354,
  "sig_expert_preamble_present": 0.0008603602325408853,
  "sig_good_bad_pair_count": 0.0017091815973212419,
  "sig_grade": 0.0,
  "sig_has_boundaries": 0.03225461303392491,
  "sig_has_closure_definition": 0.001982458465723142,
  "sig_has_commands": 0.0,
  "sig_has_edge_cases": 0.0044631454025347355,
  "sig_has_error_handling": 0.011723723056676093,
  "sig_has_frontmatter": 0.06401146360683162,
  "sig_has_testing": 0.004536150622788424,
  "sig_heading_count": 0.047840639398616,
  "sig_imperative_ratio": 0.032816118014901995,
  "sig_imperative_sentence_ratio": 0.008963009020395485,
  "sig_information_density": 0.06269611098300532,
  "sig_max_nesting_depth": 0.02536288179547007,
  "sig_pattern_count": 0.0,
  "sig_quantitative_threshold_count": 0.01700995640836883,
  "sig_section_count": 0.03286190331396567,
  "sig_signal_to_noise_ratio": 0.0031504412051592415,
  "sig_specificity_density": 0.06075181677824301,
  "sig_token_count": 0.08018419577792714,
  "sig_topic_count": 0.026729246574368027,
  "sig_vague_phrase_count": 0.024797547651189838,
  "sig_vague_ratio": 0.010439040550008372,
  "sig_verification_level": 0.03480674700694012,
  "sig_verification_method_count": 0.08555841679436324,
  "sig_weak_language_count": 0.0
}